"id";"game_id";"genre_id"
1;2159;1
2;2158;1
3;2157;1
4;2153;1
5;2152;1
6;2151;1
7;2149;1
8;2147;1
9;2145;1
10;2143;1
11;2142;1
12;2141;1
13;2140;1
14;2139;1
15;2137;1
16;2135;1
17;2134;1
18;2128;1
19;2126;1
20;2124;1
21;2122;1
22;2121;1
23;2120;1
24;2116;1
25;2114;1
26;2113;1
27;2112;1
28;2107;1
29;2106;1
30;2101;1
31;2100;1
32;2099;1
33;2093;1
34;2087;1
35;2083;1
36;2082;1
37;2076;1
38;2075;1
39;2069;1
40;2067;1
41;2066;1
42;2054;1
43;2051;1
44;2050;1
45;2049;1
46;2047;1
47;2046;1
48;2044;1
49;2042;1
50;2041;1
51;2039;1
52;2038;1
53;2037;1
54;2034;1
55;2032;1
56;2031;1
57;2030;1
58;2027;1
59;2026;1
60;2025;1
61;2020;1
62;2019;1
63;2018;1
64;2015;1
65;2014;1
66;2012;1
67;2011;1
68;2009;1
69;2008;1
70;2007;1
71;2005;1
72;2003;1
73;2002;1
74;2000;1
75;1998;1
76;1996;1
77;1995;1
78;1993;1
79;1989;1
80;1988;1
81;1986;1
82;1983;1
83;1980;1
84;1979;1
85;1977;1
86;1974;1
87;1973;1
88;1969;1
89;1961;1
90;1960;1
91;1959;1
92;1958;1
93;1956;1
94;1955;1
95;1954;1
96;1952;1
97;1950;1
98;1948;1
99;1946;1
100;1945;1
101;1943;1
102;1940;1
103;1939;1
104;1938;1
105;1937;1
106;1936;1
107;1934;1
108;1933;1
109;1931;1
110;1923;1
111;1920;1
112;1917;1
113;1916;1
114;1915;1
115;1914;1
116;1913;1
117;1911;1
118;1908;1
119;1907;1
120;1906;1
121;1902;1
122;1900;1
123;1898;1
124;1897;1
125;1896;1
126;1894;1
127;1893;1
128;1890;1
129;1888;1
130;1886;1
131;1885;1
132;1884;1
133;1883;1
134;1881;1
135;1879;1
136;1878;1
137;1876;1
138;1875;1
139;1863;1
140;1862;1
141;1861;1
142;1856;1
143;1855;1
144;1854;1
145;1852;1
146;1851;1
147;1850;1
148;1849;1
149;1846;1
150;1845;1
151;1836;1
152;1835;1
153;1834;1
154;1833;1
155;1831;1
156;1830;1
157;1828;1
158;1825;1
159;1824;1
160;1821;1
161;1820;1
162;1819;1
163;1818;1
164;1816;1
165;1815;1
166;1814;1
167;1813;1
168;1812;1
169;1810;1
170;1809;1
171;1808;1
172;1807;1
173;1805;1
174;1804;1
175;1802;1
176;1801;1
177;1800;1
178;1794;1
179;1792;1
180;1791;1
181;1789;1
182;1788;1
183;1787;1
184;1786;1
185;1783;1
186;1782;1
187;1780;1
188;1779;1
189;1778;1
190;1777;1
191;1776;1
192;1774;1
193;1773;1
194;1771;1
195;1767;1
196;1765;1
197;1764;1
198;1763;1
199;1762;1
200;1761;1
201;1760;1
202;1758;1
203;1757;1
204;1756;1
205;1755;1
206;1754;1
207;1750;1
208;1748;1
209;1746;1
210;1745;1
211;1744;1
212;1738;1
213;1733;1
214;1731;1
215;1730;1
216;1729;1
217;1728;1
218;1727;1
219;1726;1
220;1725;1
221;1723;1
222;1721;1
223;1720;1
224;1716;1
225;1714;1
226;1711;1
227;1710;1
228;1708;1
229;1704;1
230;1701;1
231;1700;1
232;1697;1
233;1695;1
234;1692;1
235;1691;1
236;1690;1
237;1687;1
238;1685;1
239;1684;1
240;1683;1
241;1682;1
242;1681;1
243;1680;1
244;1677;1
245;1676;1
246;1672;1
247;1671;1
248;1669;1
249;1668;1
250;1666;1
251;1665;1
252;1664;1
253;1663;1
254;1661;1
255;1656;1
256;1655;1
257;1653;1
258;1647;1
259;1644;1
260;1642;1
261;1639;1
262;1636;1
263;1634;1
264;1633;1
265;1631;1
266;1625;1
267;1624;1
268;1623;1
269;1620;1
270;1618;1
271;1614;1
272;1612;1
273;1611;1
274;1607;1
275;1603;1
276;1602;1
277;1599;1
278;1598;1
279;1597;1
280;1595;1
281;1594;1
282;1593;1
283;1592;1
284;1582;1
285;1577;1
286;1576;1
287;1574;1
288;1573;1
289;1571;1
290;1570;1
291;1569;1
292;1568;1
293;1567;1
294;1566;1
295;1565;1
296;1564;1
297;1563;1
298;1562;1
299;1561;1
300;1560;1
301;1559;1
302;1558;1
303;1556;1
304;1552;1
305;1550;1
306;1548;1
307;1547;1
308;1546;1
309;1543;1
310;1541;1
311;1540;1
312;1539;1
313;1537;1
314;1536;1
315;1535;1
316;1531;1
317;1528;1
318;1527;1
319;1526;1
320;1521;1
321;1520;1
322;1519;1
323;1518;1
324;1517;1
325;1516;1
326;1511;1
327;1506;1
328;1505;1
329;1503;1
330;1502;1
331;1496;1
332;1495;1
333;1492;1
334;1490;1
335;1488;1
336;1484;1
337;1479;1
338;1477;1
339;1476;1
340;1475;1
341;1474;1
342;1473;1
343;1469;1
344;1467;1
345;1464;1
346;1462;1
347;1459;1
348;1457;1
349;1455;1
350;1454;1
351;1452;1
352;1451;1
353;1449;1
354;1441;1
355;1437;1
356;1435;1
357;1434;1
358;1433;1
359;1431;1
360;1429;1
361;1427;1
362;1426;1
363;1425;1
364;1422;1
365;1420;1
366;1419;1
367;1418;1
368;1416;1
369;1415;1
370;1413;1
371;1411;1
372;1410;1
373;1408;1
374;1407;1
375;1406;1
376;1404;1
377;1398;1
378;1396;1
379;1394;1
380;1393;1
381;1391;1
382;1389;1
383;1387;1
384;1385;1
385;1384;1
386;1383;1
387;1382;1
388;1380;1
389;1379;1
390;1376;1
391;1374;1
392;1373;1
393;1372;1
394;1371;1
395;1368;1
396;1365;1
397;1364;1
398;1362;1
399;1361;1
400;1359;1
401;1357;1
402;1355;1
403;1352;1
404;1350;1
405;1349;1
406;1347;1
407;1346;1
408;1345;1
409;1343;1
410;1339;1
411;1338;1
412;1336;1
413;1335;1
414;1334;1
415;1333;1
416;1332;1
417;1331;1
418;1330;1
419;1329;1
420;1328;1
421;1327;1
422;1326;1
423;1325;1
424;1317;1
425;1315;1
426;1312;1
427;1310;1
428;1309;1
429;1305;1
430;1303;1
431;1302;1
432;1300;1
433;1299;1
434;1298;1
435;1297;1
436;1296;1
437;1295;1
438;1293;1
439;1292;1
440;1290;1
441;1287;1
442;1284;1
443;1283;1
444;1281;1
445;1279;1
446;1278;1
447;1277;1
448;1276;1
449;1275;1
450;1270;1
451;1266;1
452;1264;1
453;1260;1
454;1259;1
455;1256;1
456;1254;1
457;1253;1
458;1252;1
459;1251;1
460;1250;1
461;1245;1
462;1244;1
463;1243;1
464;1242;1
465;1241;1
466;1240;1
467;1238;1
468;1237;1
469;1236;1
470;1235;1
471;1230;1
472;1228;1
473;1227;1
474;1224;1
475;1219;1
476;1217;1
477;1216;1
478;1215;1
479;1214;1
480;1213;1
481;1211;1
482;1210;1
483;1206;1
484;1205;1
485;1201;1
486;1200;1
487;1199;1
488;1198;1
489;1195;1
490;1190;1
491;1184;1
492;1183;1
493;1178;1
494;1175;1
495;1173;1
496;1167;1
497;1164;1
498;1163;1
499;1159;1
500;1155;1
501;1154;1
502;1153;1
503;1151;1
504;1150;1
505;1145;1
506;1144;1
507;1143;1
508;1142;1
509;1138;1
510;1136;1
511;1135;1
512;1134;1
513;1132;1
514;1128;1
515;1127;1
516;1124;1
517;1123;1
518;1122;1
519;1121;1
520;1120;1
521;1118;1
522;1114;1
523;1112;1
524;1109;1
525;1108;1
526;1107;1
527;1106;1
528;1105;1
529;1104;1
530;1100;1
531;1098;1
532;1097;1
533;1096;1
534;1095;1
535;1094;1
536;1093;1
537;1091;1
538;1090;1
539;1089;1
540;1088;1
541;1081;1
542;1079;1
543;1078;1
544;1077;1
545;1076;1
546;1074;1
547;1072;1
548;1071;1
549;1070;1
550;1067;1
551;1065;1
552;1063;1
553;1060;1
554;1059;1
555;1057;1
556;1056;1
557;1055;1
558;1054;1
559;1052;1
560;1051;1
561;1048;1
562;1047;1
563;1046;1
564;1045;1
565;1034;1
566;1022;1
567;1021;1
568;1019;1
569;1018;1
570;1011;1
571;1010;1
572;1008;1
573;1002;1
574;1001;1
575;1000;1
576;998;1
577;997;1
578;996;1
579;995;1
580;994;1
581;989;1
582;988;1
583;975;1
584;974;1
585;970;1
586;969;1
587;967;1
588;965;1
589;964;1
590;954;1
591;952;1
592;943;1
593;940;1
594;938;1
595;934;1
596;932;1
597;931;1
598;930;1
599;928;1
600;927;1
601;911;1
602;910;1
603;909;1
604;907;1
605;905;1
606;904;1
607;903;1
608;896;1
609;895;1
610;893;1
611;884;1
612;883;1
613;877;1
614;876;1
615;863;1
616;860;1
617;859;1
618;852;1
619;851;1
620;841;1
621;840;1
622;838;1
623;837;1
624;836;1
625;835;1
626;834;1
627;833;1
628;832;1
629;831;1
630;818;1
631;815;1
632;813;1
633;805;1
634;801;1
635;800;1
636;799;1
637;795;1
638;793;1
639;791;1
640;789;1
641;788;1
642;786;1
643;785;1
644;783;1
645;782;1
646;781;1
647;780;1
648;772;1
649;759;1
650;758;1
651;755;1
652;752;1
653;751;1
654;750;1
655;749;1
656;747;1
657;746;1
658;737;1
659;733;1
660;732;1
661;731;1
662;730;1
663;708;1
664;689;1
665;687;1
666;685;1
667;684;1
668;675;1
669;673;1
670;672;1
671;669;1
672;668;1
673;666;1
674;664;1
675;663;1
676;661;1
677;660;1
678;658;1
679;657;1
680;655;1
681;648;1
682;645;1
683;643;1
684;641;1
685;640;1
686;632;1
687;626;1
688;625;1
689;624;1
690;623;1
691;622;1
692;621;1
693;620;1
694;619;1
695;617;1
696;615;1
697;610;1
698;609;1
699;608;1
700;607;1
701;606;1
702;605;1
703;604;1
704;603;1
705;602;1
706;601;1
707;596;1
708;595;1
709;593;1
710;592;1
711;591;1
712;588;1
713;586;1
714;584;1
715;572;1
716;562;1
717;560;1
718;559;1
719;554;1
720;553;1
721;552;1
722;551;1
723;546;1
724;539;1
725;538;1
726;524;1
727;523;1
728;521;1
729;519;1
730;513;1
731;504;1
732;503;1
733;499;1
734;496;1
735;489;1
736;488;1
737;487;1
738;484;1
739;483;1
740;481;1
741;478;1
742;476;1
743;475;1
744;469;1
745;466;1
746;465;1
747;464;1
748;463;1
749;458;1
750;457;1
751;456;1
752;455;1
753;454;1
754;453;1
755;451;1
756;450;1
757;449;1
758;448;1
759;446;1
760;444;1
761;443;1
762;441;1
763;440;1
764;439;1
765;438;1
766;436;1
767;435;1
768;434;1
769;433;1
770;430;1
771;429;1
772;421;1
773;420;1
774;419;1
775;418;1
776;415;1
777;414;1
778;413;1
779;412;1
780;410;1
781;409;1
782;406;1
783;405;1
784;403;1
785;402;1
786;397;1
787;396;1
788;394;1
789;393;1
790;392;1
791;388;1
792;369;1
793;368;1
794;364;1
795;363;1
796;360;1
797;356;1
798;355;1
799;351;1
800;348;1
801;347;1
802;346;1
803;345;1
804;344;1
805;343;1
806;342;1
807;341;1
808;340;1
809;339;1
810;338;1
811;337;1
812;336;1
813;335;1
814;334;1
815;333;1
816;332;1
817;331;1
818;330;1
819;329;1
820;327;1
821;325;1
822;316;1
823;305;1
824;302;1
825;301;1
826;299;1
827;298;1
828;297;1
829;296;1
830;295;1
831;294;1
832;293;1
833;292;1
834;291;1
835;290;1
836;289;1
837;283;1
838;281;1
839;278;1
840;276;1
841;268;1
842;266;1
843;260;1
844;259;1
845;258;1
846;256;1
847;255;1
848;252;1
849;250;1
850;248;1
851;244;1
852;243;1
853;242;1
854;240;1
855;239;1
856;235;1
857;233;1
858;232;1
859;231;1
860;230;1
861;229;1
862;228;1
863;227;1
864;226;1
865;225;1
866;220;1
867;216;1
868;210;1
869;209;1
870;208;1
871;207;1
872;206;1
873;205;1
874;204;1
875;203;1
876;183;1
877;182;1
878;181;1
879;180;1
880;179;1
881;178;1
882;177;1
883;176;1
884;175;1
885;174;1
886;173;1
887;172;1
888;171;1
889;170;1
890;169;1
891;168;1
892;167;1
893;165;1
894;164;1
895;163;1
896;160;1
897;156;1
898;155;1
899;154;1
900;153;1
901;151;1
902;150;1
903;148;1
904;147;1
905;137;1
906;132;1
907;131;1
908;130;1
909;126;1
910;115;1
911;114;1
912;113;1
913;112;1
914;111;1
915;109;1
916;108;1
917;107;1
918;90;1
919;84;1
920;78;1
921;75;1
922;72;1
923;71;1
924;70;1
925;69;1
926;68;1
927;67;1
928;66;1
929;65;1
930;64;1
931;62;1
932;61;1
933;60;1
934;59;1
935;58;1
936;57;1
937;56;1
938;55;1
939;54;1
940;53;1
941;52;1
942;51;1
943;50;1
944;49;1
945;48;1
946;47;1
947;46;1
948;45;1
949;30;1
950;29;1
951;28;1
952;26;1
953;25;1
954;24;1
955;23;1
956;22;1
957;21;1
958;20;1
959;19;1
960;18;1
961;17;1
962;16;1
963;15;1
964;14;1
965;13;1
966;12;1
967;11;1
968;10;1
969;9;1
970;8;1
971;7;1
972;6;1
973;5;1
974;4;1
975;3;1
976;2;1
977;1;1
978;2164;2
979;2163;2
980;2162;2
981;2158;2
982;2157;2
983;2152;2
984;2150;2
985;2146;2
986;2143;2
987;2142;2
988;2136;2
989;2133;2
990;2131;2
991;2129;2
992;2127;2
993;2125;2
994;2122;2
995;2119;2
996;2118;2
997;2115;2
998;2112;2
999;2110;2
1000;2109;2
1001;2107;2
1002;2106;2
1003;2102;2
1004;2100;2
1005;2099;2
1006;2098;2
1007;2091;2
1008;2090;2
1009;2083;2
1010;2082;2
1011;2081;2
1012;2080;2
1013;2079;2
1014;2076;2
1015;2068;2
1016;2064;2
1017;2054;2
1018;2053;2
1019;2051;2
1020;2049;2
1021;2047;2
1022;2046;2
1023;2045;2
1024;2043;2
1025;2038;2
1026;2037;2
1027;2036;2
1028;2035;2
1029;2033;2
1030;2026;2
1031;2024;2
1032;2022;2
1033;2021;2
1034;2018;2
1035;2017;2
1036;2013;2
1037;2012;2
1038;2011;2
1039;2010;2
1040;2009;2
1041;2008;2
1042;2007;2
1043;2006;2
1044;2004;2
1045;2001;2
1046;1999;2
1047;1998;2
1048;1995;2
1049;1994;2
1050;1992;2
1051;1989;2
1052;1988;2
1053;1982;2
1054;1979;2
1055;1978;2
1056;1977;2
1057;1975;2
1058;1974;2
1059;1973;2
1060;1972;2
1061;1969;2
1062;1965;2
1063;1964;2
1064;1960;2
1065;1958;2
1066;1956;2
1067;1955;2
1068;1954;2
1069;1953;2
1070;1951;2
1071;1949;2
1072;1948;2
1073;1944;2
1074;1941;2
1075;1939;2
1076;1938;2
1077;1937;2
1078;1932;2
1079;1931;2
1080;1930;2
1081;1929;2
1082;1928;2
1083;1927;2
1084;1926;2
1085;1921;2
1086;1918;2
1087;1914;2
1088;1912;2
1089;1911;2
1090;1910;2
1091;1908;2
1092;1906;2
1093;1904;2
1094;1901;2
1095;1897;2
1096;1896;2
1097;1895;2
1098;1892;2
1099;1891;2
1100;1890;2
1101;1889;2
1102;1888;2
1103;1887;2
1104;1883;2
1105;1881;2
1106;1880;2
1107;1879;2
1108;1878;2
1109;1874;2
1110;1873;2
1111;1872;2
1112;1869;2
1113;1861;2
1114;1859;2
1115;1857;2
1116;1856;2
1117;1855;2
1118;1852;2
1119;1849;2
1120;1848;2
1121;1847;2
1122;1844;2
1123;1843;2
1124;1842;2
1125;1827;2
1126;1826;2
1127;1825;2
1128;1824;2
1129;1822;2
1130;1821;2
1131;1818;2
1132;1817;2
1133;1815;2
1134;1811;2
1135;1806;2
1136;1805;2
1137;1804;2
1138;1799;2
1139;1795;2
1140;1789;2
1141;1785;2
1142;1783;2
1143;1781;2
1144;1780;2
1145;1778;2
1146;1772;2
1147;1769;2
1148;1768;2
1149;1765;2
1150;1764;2
1151;1763;2
1152;1762;2
1153;1760;2
1154;1753;2
1155;1752;2
1156;1751;2
1157;1747;2
1158;1746;2
1159;1745;2
1160;1743;2
1161;1740;2
1162;1739;2
1163;1736;2
1164;1730;2
1165;1722;2
1166;1719;2
1167;1718;2
1168;1716;2
1169;1715;2
1170;1713;2
1171;1710;2
1172;1709;2
1173;1703;2
1174;1700;2
1175;1699;2
1176;1697;2
1177;1691;2
1178;1690;2
1179;1687;2
1180;1686;2
1181;1684;2
1182;1678;2
1183;1675;2
1184;1673;2
1185;1670;2
1186;1667;2
1187;1665;2
1188;1662;2
1189;1661;2
1190;1657;2
1191;1656;2
1192;1654;2
1193;1652;2
1194;1651;2
1195;1650;2
1196;1649;2
1197;1646;2
1198;1645;2
1199;1644;2
1200;1642;2
1201;1641;2
1202;1640;2
1203;1639;2
1204;1638;2
1205;1637;2
1206;1636;2
1207;1635;2
1208;1630;2
1209;1628;2
1210;1627;2
1211;1626;2
1212;1623;2
1213;1621;2
1214;1617;2
1215;1615;2
1216;1609;2
1217;1604;2
1218;1603;2
1219;1598;2
1220;1596;2
1221;1594;2
1222;1591;2
1223;1590;2
1224;1589;2
1225;1587;2
1226;1576;2
1227;1574;2
1228;1565;2
1229;1557;2
1230;1556;2
1231;1555;2
1232;1554;2
1233;1551;2
1234;1550;2
1235;1549;2
1236;1547;2
1237;1544;2
1238;1541;2
1239;1540;2
1240;1539;2
1241;1537;2
1242;1534;2
1243;1532;2
1244;1531;2
1245;1524;2
1246;1517;2
1247;1515;2
1248;1514;2
1249;1511;2
1250;1510;2
1251;1508;2
1252;1507;2
1253;1504;2
1254;1502;2
1255;1500;2
1256;1499;2
1257;1497;2
1258;1496;2
1259;1491;2
1260;1489;2
1261;1486;2
1262;1485;2
1263;1484;2
1264;1480;2
1265;1479;2
1266;1477;2
1267;1476;2
1268;1475;2
1269;1474;2
1270;1472;2
1271;1469;2
1272;1468;2
1273;1466;2
1274;1465;2
1275;1463;2
1276;1462;2
1277;1461;2
1278;1460;2
1279;1456;2
1280;1454;2
1281;1447;2
1282;1446;2
1283;1445;2
1284;1442;2
1285;1433;2
1286;1432;2
1287;1428;2
1288;1427;2
1289;1422;2
1290;1416;2
1291;1414;2
1292;1412;2
1293;1411;2
1294;1407;2
1295;1405;2
1296;1401;2
1297;1395;2
1298;1392;2
1299;1391;2
1300;1390;2
1301;1389;2
1302;1388;2
1303;1383;2
1304;1381;2
1305;1380;2
1306;1377;2
1307;1375;2
1308;1369;2
1309;1368;2
1310;1367;2
1311;1365;2
1312;1364;2
1313;1363;2
1314;1360;2
1315;1358;2
1316;1351;2
1317;1340;2
1318;1339;2
1319;1338;2
1320;1336;2
1321;1331;2
1322;1327;2
1323;1321;2
1324;1316;2
1325;1310;2
1326;1307;2
1327;1306;2
1328;1304;2
1329;1303;2
1330;1300;2
1331;1297;2
1332;1294;2
1333;1293;2
1334;1289;2
1335;1287;2
1336;1285;2
1337;1279;2
1338;1274;2
1339;1273;2
1340;1272;2
1341;1269;2
1342;1268;2
1343;1264;2
1344;1262;2
1345;1258;2
1346;1253;2
1347;1252;2
1348;1251;2
1349;1250;2
1350;1249;2
1351;1248;2
1352;1246;2
1353;1238;2
1354;1236;2
1355;1233;2
1356;1229;2
1357;1227;2
1358;1226;2
1359;1220;2
1360;1216;2
1361;1210;2
1362;1208;2
1363;1206;2
1364;1203;2
1365;1198;2
1366;1194;2
1367;1189;2
1368;1188;2
1369;1187;2
1370;1186;2
1371;1185;2
1372;1184;2
1373;1177;2
1374;1172;2
1375;1165;2
1376;1164;2
1377;1158;2
1378;1152;2
1379;1151;2
1380;1150;2
1381;1148;2
1382;1147;2
1383;1145;2
1384;1144;2
1385;1143;2
1386;1142;2
1387;1141;2
1388;1140;2
1389;1138;2
1390;1137;2
1391;1133;2
1392;1128;2
1393;1126;2
1394;1125;2
1395;1122;2
1396;1121;2
1397;1118;2
1398;1117;2
1399;1116;2
1400;1115;2
1401;1113;2
1402;1112;2
1403;1111;2
1404;1110;2
1405;1109;2
1406;1108;2
1407;1107;2
1408;1098;2
1409;1097;2
1410;1090;2
1411;1089;2
1412;1087;2
1413;1080;2
1414;1077;2
1415;1076;2
1416;1075;2
1417;1073;2
1418;1072;2
1419;1071;2
1420;1070;2
1421;1066;2
1422;1065;2
1423;1064;2
1424;1061;2
1425;1059;2
1426;1058;2
1427;1057;2
1428;1056;2
1429;1055;2
1430;1054;2
1431;1053;2
1432;1050;2
1433;1049;2
1434;1044;2
1435;1041;2
1436;1040;2
1437;1039;2
1438;1038;2
1439;1037;2
1440;1036;2
1441;1024;2
1442;1023;2
1443;1017;2
1444;1011;2
1445;1010;2
1446;1009;2
1447;1008;2
1448;1005;2
1449;1004;2
1450;1002;2
1451;1000;2
1452;985;2
1453;975;2
1454;974;2
1455;962;2
1456;958;2
1457;957;2
1458;955;2
1459;954;2
1460;953;2
1461;946;2
1462;945;2
1463;944;2
1464;942;2
1465;940;2
1466;934;2
1467;933;2
1468;926;2
1469;923;2
1470;913;2
1471;908;2
1472;907;2
1473;906;2
1474;905;2
1475;904;2
1476;890;2
1477;871;2
1478;869;2
1479;863;2
1480;859;2
1481;854;2
1482;839;2
1483;830;2
1484;827;2
1485;825;2
1486;824;2
1487;815;2
1488;799;2
1489;794;2
1490;792;2
1491;790;2
1492;787;2
1493;786;2
1494;783;2
1495;782;2
1496;781;2
1497;780;2
1498;775;2
1499;774;2
1500;773;2
1501;772;2
1502;771;2
1503;770;2
1504;758;2
1505;737;2
1506;735;2
1507;734;2
1508;709;2
1509;707;2
1510;706;2
1511;705;2
1512;689;2
1513;675;2
1514;674;2
1515;673;2
1516;672;2
1517;669;2
1518;660;2
1519;659;2
1520;650;2
1521;642;2
1522;636;2
1523;634;2
1524;626;2
1525;578;2
1526;558;2
1527;557;2
1528;556;2
1529;555;2
1530;553;2
1531;552;2
1532;550;2
1533;549;2
1534;548;2
1535;544;2
1536;543;2
1537;542;2
1538;541;2
1539;539;2
1540;538;2
1541;528;2
1542;527;2
1543;526;2
1544;525;2
1545;523;2
1546;507;2
1547;500;2
1548;490;2
1549;475;2
1550;474;2
1551;472;2
1552;471;2
1553;470;2
1554;460;2
1555;459;2
1556;450;2
1557;442;2
1558;437;2
1559;435;2
1560;429;2
1561;428;2
1562;427;2
1563;422;2
1564;419;2
1565;413;2
1566;412;2
1567;391;2
1568;390;2
1569;389;2
1570;370;2
1571;362;2
1572;361;2
1573;328;2
1574;284;2
1575;283;2
1576;282;2
1577;281;2
1578;241;2
1579;224;2
1580;189;2
1581;166;2
1582;156;2
1583;146;2
1584;126;2
1585;123;2
1586;122;2
1587;63;2
1588;34;2
1589;33;2
1590;32;2
1591;31;2
1592;27;2
1593;2159;3
1594;2153;3
1595;2144;3
1596;2138;3
1597;2136;3
1598;2125;3
1599;2121;3
1600;2113;3
1601;2111;3
1602;2108;3
1603;2105;3
1604;2102;3
1605;2101;3
1606;2090;3
1607;2086;3
1608;2085;3
1609;2075;3
1610;2074;3
1611;2073;3
1612;2072;3
1613;2071;3
1614;2070;3
1615;2065;3
1616;2064;3
1617;2063;3
1618;2062;3
1619;2061;3
1620;2060;3
1621;2057;3
1622;2056;3
1623;2055;3
1624;2053;3
1625;2045;3
1626;2036;3
1627;2034;3
1628;2031;3
1629;2025;3
1630;2022;3
1631;2014;3
1632;2013;3
1633;2010;3
1634;2005;3
1635;2004;3
1636;2002;3
1637;1994;3
1638;1992;3
1639;1984;3
1640;1980;3
1641;1968;3
1642;1965;3
1643;1963;3
1644;1934;3
1645;1932;3
1646;1929;3
1647;1927;3
1648;1926;3
1649;1924;3
1650;1922;3
1651;1921;3
1652;1916;3
1653;1915;3
1654;1912;3
1655;1910;3
1656;1901;3
1657;1893;3
1658;1892;3
1659;1889;3
1660;1882;3
1661;1877;3
1662;1875;3
1663;1874;3
1664;1873;3
1665;1871;3
1666;1869;3
1667;1864;3
1668;1860;3
1669;1854;3
1670;1850;3
1671;1845;3
1672;1843;3
1673;1841;3
1674;1840;3
1675;1839;3
1676;1836;3
1677;1835;3
1678;1832;3
1679;1828;3
1680;1822;3
1681;1820;3
1682;1811;3
1683;1800;3
1684;1798;3
1685;1795;3
1686;1793;3
1687;1785;3
1688;1784;3
1689;1770;3
1690;1769;3
1691;1768;3
1692;1767;3
1693;1753;3
1694;1751;3
1695;1749;3
1696;1741;3
1697;1740;3
1698;1739;3
1699;1735;3
1700;1733;3
1701;1732;3
1702;1731;3
1703;1722;3
1704;1721;3
1705;1714;3
1706;1713;3
1707;1712;3
1708;1709;3
1709;1707;3
1710;1706;3
1711;1705;3
1712;1703;3
1713;1702;3
1714;1694;3
1715;1680;3
1716;1679;3
1717;1678;3
1718;1673;3
1719;1670;3
1720;1662;3
1721;1658;3
1722;1652;3
1723;1648;3
1724;1635;3
1725;1630;3
1726;1626;3
1727;1619;3
1728;1617;3
1729;1615;3
1730;1612;3
1731;1610;3
1732;1609;3
1733;1608;3
1734;1606;3
1735;1605;3
1736;1604;3
1737;1601;3
1738;1595;3
1739;1590;3
1740;1588;3
1741;1587;3
1742;1586;3
1743;1581;3
1744;1578;3
1745;1577;3
1746;1572;3
1747;1567;3
1748;1558;3
1749;1557;3
1750;1554;3
1751;1553;3
1752;1551;3
1753;1544;3
1754;1529;3
1755;1526;3
1756;1525;3
1757;1524;3
1758;1523;3
1759;1510;3
1760;1509;3
1761;1507;3
1762;1504;3
1763;1503;3
1764;1497;3
1765;1481;3
1766;1478;3
1767;1470;3
1768;1466;3
1769;1465;3
1770;1463;3
1771;1461;3
1772;1460;3
1773;1453;3
1774;1448;3
1775;1447;3
1776;1442;3
1777;1441;3
1778;1440;3
1779;1439;3
1780;1435;3
1781;1423;3
1782;1421;3
1783;1417;3
1784;1415;3
1785;1409;3
1786;1406;3
1787;1402;3
1788;1400;3
1789;1399;3
1790;1397;3
1791;1388;3
1792;1379;3
1793;1377;3
1794;1357;3
1795;1355;3
1796;1354;3
1797;1353;3
1798;1348;3
1799;1347;3
1800;1341;3
1801;1319;3
1802;1317;3
1803;1316;3
1804;1314;3
1805;1309;3
1806;1308;3
1807;1305;3
1808;1294;3
1809;1286;3
1810;1284;3
1811;1280;3
1812;1275;3
1813;1271;3
1814;1265;3
1815;1260;3
1816;1258;3
1817;1247;3
1818;1246;3
1819;1245;3
1820;1241;3
1821;1240;3
1822;1235;3
1823;1234;3
1824;1232;3
1825;1225;3
1826;1221;3
1827;1218;3
1828;1212;3
1829;1209;3
1830;1208;3
1831;1203;3
1832;1202;3
1833;1199;3
1834;1196;3
1835;1193;3
1836;1191;3
1837;1190;3
1838;1189;3
1839;1188;3
1840;1187;3
1841;1186;3
1842;1185;3
1843;1182;3
1844;1181;3
1845;1180;3
1846;1177;3
1847;1176;3
1848;1171;3
1849;1170;3
1850;1169;3
1851;1166;3
1852;1162;3
1853;1161;3
1854;1160;3
1855;1159;3
1856;1153;3
1857;1146;3
1858;1140;3
1859;1132;3
1860;1131;3
1861;1130;3
1862;1127;3
1863;1124;3
1864;1119;3
1865;1110;3
1866;1106;3
1867;1104;3
1868;1101;3
1869;1099;3
1870;1093;3
1871;1091;3
1872;1088;3
1873;1087;3
1874;1085;3
1875;1084;3
1876;1083;3
1877;1082;3
1878;1079;3
1879;1063;3
1880;1053;3
1881;1052;3
1882;1047;3
1883;1046;3
1884;1045;3
1885;1035;3
1886;1034;3
1887;1033;3
1888;1032;3
1889;1031;3
1890;1030;3
1891;1029;3
1892;1028;3
1893;1017;3
1894;1015;3
1895;1014;3
1896;1013;3
1897;1012;3
1898;999;3
1899;997;3
1900;996;3
1901;995;3
1902;994;3
1903;987;3
1904;985;3
1905;981;3
1906;980;3
1907;979;3
1908;978;3
1909;977;3
1910;976;3
1911;970;3
1912;967;3
1913;963;3
1914;961;3
1915;960;3
1916;959;3
1917;955;3
1918;951;3
1919;948;3
1920;947;3
1921;941;3
1922;939;3
1923;937;3
1924;935;3
1925;926;3
1926;925;3
1927;902;3
1928;900;3
1929;898;3
1930;894;3
1931;885;3
1932;881;3
1933;880;3
1934;879;3
1935;874;3
1936;873;3
1937;872;3
1938;871;3
1939;870;3
1940;865;3
1941;864;3
1942;862;3
1943;860;3
1944;854;3
1945;853;3
1946;850;3
1947;848;3
1948;847;3
1949;846;3
1950;845;3
1951;844;3
1952;843;3
1953;842;3
1954;824;3
1955;816;3
1956;812;3
1957;811;3
1958;810;3
1959;809;3
1960;808;3
1961;807;3
1962;806;3
1963;804;3
1964;803;3
1965;802;3
1966;795;3
1967;790;3
1968;778;3
1969;777;3
1970;776;3
1971;770;3
1972;764;3
1973;760;3
1974;756;3
1975;754;3
1976;753;3
1977;748;3
1978;738;3
1979;736;3
1980;729;3
1981;688;3
1982;682;3
1983;671;3
1984;670;3
1985;665;3
1986;653;3
1987;652;3
1988;651;3
1989;650;3
1990;649;3
1991;646;3
1992;641;3
1993;640;3
1994;635;3
1995;629;3
1996;628;3
1997;618;3
1998;600;3
1999;582;3
2000;559;3
2001;540;3
2002;537;3
2003;536;3
2004;535;3
2005;534;3
2006;533;3
2007;532;3
2008;531;3
2009;530;3
2010;529;3
2011;518;3
2012;517;3
2013;516;3
2014;515;3
2015;509;3
2016;508;3
2017;506;3
2018;505;3
2019;500;3
2020;497;3
2021;496;3
2022;495;3
2023;494;3
2024;493;3
2025;486;3
2026;485;3
2027;476;3
2028;473;3
2029;468;3
2030;462;3
2031;460;3
2032;449;3
2033;448;3
2034;447;3
2035;446;3
2036;445;3
2037;428;3
2038;427;3
2039;425;3
2040;424;3
2041;423;3
2042;421;3
2043;415;3
2044;414;3
2045;411;3
2046;401;3
2047;400;3
2048;399;3
2049;398;3
2050;395;3
2051;369;3
2052;368;3
2053;365;3
2054;361;3
2055;359;3
2056;358;3
2057;350;3
2058;316;3
2059;314;3
2060;312;3
2061;311;3
2062;310;3
2063;306;3
2064;287;3
2065;286;3
2066;280;3
2067;279;3
2068;278;3
2069;267;3
2070;265;3
2071;245;3
2072;238;3
2073;237;3
2074;236;3
2075;235;3
2076;234;3
2077;223;3
2078;222;3
2079;221;3
2080;219;3
2081;216;3
2082;209;3
2083;201;3
2084;200;3
2085;199;3
2086;198;3
2087;197;3
2088;196;3
2089;195;3
2090;194;3
2091;193;3
2092;192;3
2093;166;3
2094;165;3
2095;160;3
2096;158;3
2097;157;3
2098;154;3
2099;147;3
2100;145;3
2101;144;3
2102;143;3
2103;142;3
2104;141;3
2105;140;3
2106;139;3
2107;138;3
2108;136;3
2109;135;3
2110;134;3
2111;133;3
2112;132;3
2113;131;3
2114;128;3
2115;121;3
2116;120;3
2117;119;3
2118;117;3
2119;116;3
2120;110;3
2121;104;3
2122;101;3
2123;88;3
2124;87;3
2125;86;3
2126;81;3
2127;80;3
2128;79;3
2129;77;3
2130;76;3
2131;75;3
2132;74;3
2133;73;3
2134;71;3
2135;43;3
2136;40;3
2137;39;3
2138;38;3
2139;37;3
2140;36;3
2141;35;3
2142;33;3
2143;32;3
2144;31;3
2145;23;3
2146;2154;4
2147;2151;4
2148;2148;4
2149;2135;4
2150;2134;4
2151;2132;4
2152;2126;4
2153;2124;4
2154;2123;4
2155;2120;4
2156;2118;4
2157;2117;4
2158;2116;4
2159;2105;4
2160;2098;4
2161;2094;4
2162;2091;4
2163;2060;4
2164;2059;4
2165;2044;4
2166;2042;4
2167;2041;4
2168;2020;4
2169;2019;4
2170;2015;4
2171;1996;4
2172;1985;4
2173;1976;4
2174;1971;4
2175;1970;4
2176;1966;4
2177;1957;4
2178;1952;4
2179;1951;4
2180;1949;4
2181;1946;4
2182;1945;4
2183;1936;4
2184;1928;4
2185;1925;4
2186;1920;4
2187;1919;4
2188;1902;4
2189;1894;4
2190;1885;4
2191;1871;4
2192;1868;4
2193;1867;4
2194;1866;4
2195;1860;4
2196;1834;4
2197;1823;4
2198;1819;4
2199;1813;4
2200;1803;4
2201;1802;4
2202;1794;4
2203;1791;4
2204;1786;4
2205;1776;4
2206;1775;4
2207;1773;4
2208;1771;4
2209;1766;4
2210;1758;4
2211;1757;4
2212;1754;4
2213;1750;4
2214;1743;4
2215;1742;4
2216;1738;4
2217;1727;4
2218;1720;4
2219;1704;4
2220;1688;4
2221;1681;4
2222;1674;4
2223;1671;4
2224;1669;4
2225;1655;4
2226;1650;4
2227;1633;4
2228;1628;4
2229;1618;4
2230;1610;4
2231;1599;4
2232;1586;4
2233;1575;4
2234;1571;4
2235;1568;4
2236;1552;4
2237;1543;4
2238;1534;4
2239;1533;4
2240;1528;4
2241;1522;4
2242;1488;4
2243;1483;4
2244;1482;4
2245;1473;4
2246;1467;4
2247;1457;4
2248;1455;4
2249;1449;4
2250;1443;4
2251;1439;4
2252;1437;4
2253;1431;4
2254;1430;4
2255;1429;4
2256;1425;4
2257;1418;4
2258;1403;4
2259;1398;4
2260;1392;4
2261;1386;4
2262;1385;4
2263;1384;4
2264;1376;4
2265;1371;4
2266;1366;4
2267;1361;4
2268;1349;4
2269;1329;4
2270;1328;4
2271;1320;4
2272;1301;4
2273;1296;4
2274;1295;4
2275;1291;4
2276;1283;4
2277;1282;4
2278;1278;4
2279;1274;4
2280;1273;4
2281;1272;4
2282;1265;4
2283;1263;4
2284;1237;4
2285;1228;4
2286;1225;4
2287;1219;4
2288;1218;4
2289;1195;4
2290;1192;4
2291;1183;4
2292;1181;4
2293;1173;4
2294;1157;4
2295;1156;4
2296;1154;4
2297;1152;4
2298;1139;4
2299;1129;4
2300;1126;4
2301;1125;4
2302;1123;4
2303;1120;4
2304;1114;4
2305;1105;4
2306;1103;4
2307;1100;4
2308;1094;4
2309;1092;4
2310;1048;4
2311;1031;4
2312;1026;4
2313;1025;4
2314;1009;4
2315;991;4
2316;990;4
2317;988;4
2318;987;4
2319;978;4
2320;963;4
2321;961;4
2322;960;4
2323;959;4
2324;956;4
2325;941;4
2326;937;4
2327;903;4
2328;896;4
2329;895;4
2330;886;4
2331;882;4
2332;867;4
2333;866;4
2334;852;4
2335;851;4
2336;844;4
2337;843;4
2338;842;4
2339;805;4
2340;791;4
2341;788;4
2342;784;4
2343;769;4
2344;763;4
2345;757;4
2346;749;4
2347;747;4
2348;746;4
2349;745;4
2350;744;4
2351;743;4
2352;742;4
2353;741;4
2354;740;4
2355;728;4
2356;727;4
2357;695;4
2358;645;4
2359;638;4
2360;635;4
2361;629;4
2362;623;4
2363;622;4
2364;621;4
2365;620;4
2366;619;4
2367;590;4
2368;547;4
2369;533;4
2370;531;4
2371;527;4
2372;526;4
2373;522;4
2374;509;4
2375;508;4
2376;505;4
2377;503;4
2378;498;4
2379;492;4
2380;483;4
2381;482;4
2382;480;4
2383;479;4
2384;477;4
2385;471;4
2386;452;4
2387;451;4
2388;443;4
2389;432;4
2390;420;4
2391;418;4
2392;417;4
2393;416;4
2394;409;4
2395;408;4
2396;400;4
2397;326;4
2398;324;4
2399;323;4
2400;321;4
2401;301;4
2402;300;4
2403;285;4
2404;275;4
2405;270;4
2406;265;4
2407;247;4
2408;246;4
2409;222;4
2410;221;4
2411;191;4
2412;190;4
2413;188;4
2414;184;4
2415;163;4
2416;162;4
2417;130;4
2418;129;4
2419;127;4
2420;118;4
2421;87;4
2422;60;4
2423;45;4
2424;44;4
2425;41;4
2426;2048;5
2427;2040;5
2428;1987;5
2429;1903;5
2430;1102;5
2431;42;5
2432;2164;6
2433;2163;6
2434;2162;6
2435;2156;6
2436;2141;6
2437;2119;6
2438;2110;6
2439;2108;6
2440;2104;6
2441;2065;6
2442;2028;6
2443;2024;6
2444;2016;6
2445;1968;6
2446;1953;6
2447;1947;6
2448;1905;6
2449;1895;6
2450;1877;6
2451;1840;6
2452;1839;6
2453;1796;6
2454;1788;6
2455;1787;6
2456;1784;6
2457;1770;6
2458;1744;6
2459;1734;6
2460;1724;6
2461;1719;6
2462;1718;6
2463;1712;6
2464;1705;6
2465;1702;6
2466;1689;6
2467;1688;6
2468;1675;6
2469;1649;6
2470;1637;6
2471;1632;6
2472;1622;6
2473;1619;6
2474;1606;6
2475;1605;6
2476;1600;6
2477;1597;6
2478;1588;6
2479;1553;6
2480;1538;6
2481;1532;6
2482;1529;6
2483;1512;6
2484;1493;6
2485;1471;6
2486;1450;6
2487;1443;6
2488;1440;6
2489;1436;6
2490;1434;6
2491;1409;6
2492;1397;6
2493;1395;6
2494;1375;6
2495;1354;6
2496;1353;6
2497;1351;6
2498;1348;6
2499;1344;6
2500;1342;6
2501;1337;6
2502;1324;6
2503;1323;6
2504;1322;6
2505;1313;6
2506;1308;6
2507;1306;6
2508;1304;6
2509;1301;6
2510;1286;6
2511;1285;6
2512;1280;6
2513;1268;6
2514;1266;6
2515;1259;6
2516;1255;6
2517;1248;6
2518;1242;6
2519;1239;6
2520;1234;6
2521;1220;6
2522;1176;6
2523;1170;6
2524;1169;6
2525;1166;6
2526;1149;6
2527;1147;6
2528;1137;6
2529;1131;6
2530;1130;6
2531;1117;6
2532;1111;6
2533;1099;6
2534;1092;6
2535;1086;6
2536;1080;6
2537;1069;6
2538;1068;6
2539;1064;6
2540;1050;6
2541;1049;6
2542;1043;6
2543;1035;6
2544;1033;6
2545;1016;6
2546;1015;6
2547;992;6
2548;973;6
2549;972;6
2550;971;6
2551;966;6
2552;965;6
2553;964;6
2554;962;6
2555;958;6
2556;957;6
2557;952;6
2558;946;6
2559;933;6
2560;924;6
2561;923;6
2562;922;6
2563;921;6
2564;920;6
2565;919;6
2566;918;6
2567;917;6
2568;916;6
2569;915;6
2570;914;6
2571;913;6
2572;912;6
2573;901;6
2574;899;6
2575;892;6
2576;875;6
2577;857;6
2578;830;6
2579;829;6
2580;825;6
2581;792;6
2582;771;6
2583;762;6
2584;761;6
2585;739;6
2586;736;6
2587;735;6
2588;734;6
2589;725;6
2590;724;6
2591;723;6
2592;722;6
2593;721;6
2594;720;6
2595;719;6
2596;718;6
2597;717;6
2598;712;6
2599;711;6
2600;710;6
2601;709;6
2602;706;6
2603;704;6
2604;703;6
2605;702;6
2606;701;6
2607;700;6
2608;699;6
2609;698;6
2610;683;6
2611;682;6
2612;681;6
2613;680;6
2614;679;6
2615;678;6
2616;677;6
2617;676;6
2618;674;6
2619;670;6
2620;662;6
2621;642;6
2622;639;6
2623;637;6
2624;634;6
2625;633;6
2626;618;6
2627;594;6
2628;583;6
2629;582;6
2630;581;6
2631;580;6
2632;579;6
2633;578;6
2634;570;6
2635;561;6
2636;558;6
2637;556;6
2638;555;6
2639;548;6
2640;547;6
2641;541;6
2642;540;6
2643;501;6
2644;498;6
2645;491;6
2646;490;6
2647;462;6
2648;459;6
2649;436;6
2650;434;6
2651;432;6
2652;424;6
2653;423;6
2654;422;6
2655;389;6
2656;387;6
2657;386;6
2658;385;6
2659;384;6
2660;383;6
2661;382;6
2662;381;6
2663;380;6
2664;379;6
2665;378;6
2666;377;6
2667;376;6
2668;375;6
2669;374;6
2670;373;6
2671;372;6
2672;371;6
2673;370;6
2674;362;6
2675;328;6
2676;317;6
2677;313;6
2678;307;6
2679;282;6
2680;277;6
2681;255;6
2682;251;6
2683;215;6
2684;213;6
2685;189;6
2686;146;6
2687;123;6
2688;107;6
2689;106;6
2690;105;6
2691;103;6
2692;102;6
2693;101;6
2694;100;6
2695;99;6
2696;98;6
2697;97;6
2698;96;6
2699;95;6
2700;94;6
2701;93;6
2702;92;6
2703;91;6
2704;89;6
2705;63;6
2706;2161;7
2707;2160;7
2708;2155;7
2709;2130;7
2710;2129;7
2711;2089;7
2712;2086;7
2713;2078;7
2714;2072;7
2715;2068;7
2716;2057;7
2717;2052;7
2718;2029;7
2719;2016;7
2720;2000;7
2721;1997;7
2722;1962;7
2723;1959;7
2724;1947;7
2725;1943;7
2726;1935;7
2727;1909;7
2728;1905;7
2729;1900;7
2730;1887;7
2731;1841;7
2732;1838;7
2733;1837;7
2734;1816;7
2735;1809;7
2736;1796;7
2737;1759;7
2738;1748;7
2739;1735;7
2740;1734;7
2741;1726;7
2742;1723;7
2743;1698;7
2744;1685;7
2745;1677;7
2746;1666;7
2747;1664;7
2748;1660;7
2749;1658;7
2750;1651;7
2751;1643;7
2752;1641;7
2753;1629;7
2754;1622;7
2755;1601;7
2756;1596;7
2757;1593;7
2758;1583;7
2759;1572;7
2760;1545;7
2761;1542;7
2762;1535;7
2763;1516;7
2764;1512;7
2765;1493;7
2766;1491;7
2767;1458;7
2768;1436;7
2769;1426;7
2770;1420;7
2771;1401;7
2772;1400;7
2773;1382;7
2774;1373;7
2775;1372;7
2776;1352;7
2777;1344;7
2778;1343;7
2779;1332;7
2780;1321;7
2781;1319;7
2782;1311;7
2783;1255;7
2784;1196;7
2785;1178;7
2786;1174;7
2787;1129;7
2788;1119;7
2789;1074;7
2790;1062;7
2791;1061;7
2792;1042;7
2793;1030;7
2794;1027;7
2795;1020;7
2796;1018;7
2797;1007;7
2798;1006;7
2799;1004;7
2800;1003;7
2801;993;7
2802;984;7
2803;982;7
2804;939;7
2805;921;7
2806;897;7
2807;891;7
2808;888;7
2809;879;7
2810;868;7
2811;849;7
2812;848;7
2813;846;7
2814;829;7
2815;826;7
2816;816;7
2817;814;7
2818;789;7
2819;778;7
2820;777;7
2821;776;7
2822;756;7
2823;754;7
2824;753;7
2825;748;7
2826;726;7
2827;716;7
2828;715;7
2829;714;7
2830;713;7
2831;712;7
2832;697;7
2833;696;7
2834;693;7
2835;692;7
2836;691;7
2837;690;7
2838;685;7
2839;684;7
2840;668;7
2841;656;7
2842;655;7
2843;628;7
2844;627;7
2845;616;7
2846;615;7
2847;614;7
2848;613;7
2849;612;7
2850;611;7
2851;588;7
2852;543;7
2853;537;7
2854;536;7
2855;515;7
2856;513;7
2857;512;7
2858;511;7
2859;510;7
2860;502;7
2861;497;7
2862;495;7
2863;493;7
2864;407;7
2865;404;7
2866;399;7
2867;398;7
2868;387;7
2869;386;7
2870;385;7
2871;384;7
2872;383;7
2873;382;7
2874;357;7
2875;354;7
2876;353;7
2877;352;7
2878;349;7
2879;322;7
2880;318;7
2881;288;7
2882;280;7
2883;279;7
2884;264;7
2885;263;7
2886;245;7
2887;128;7
2888;122;7
2889;78;7
2890;77;7
2891;76;7
2892;2097;8
2893;2096;8
2894;2095;8
2895;2092;8
2896;2077;8
2897;2032;8
2898;1907;8
2899;1870;8
2900;1829;8
2901;1808;8
2902;1801;8
2903;1790;8
2904;1693;8
2905;1692;8
2906;1659;8
2907;1625;8
2908;1616;8
2909;1584;8
2910;1580;8
2911;1546;8
2912;1536;8
2913;1521;8
2914;1501;8
2915;1490;8
2916;1378;8
2917;1342;8
2918;1318;8
2919;1292;8
2920;1288;8
2921;1243;8
2922;1223;8
2923;1204;8
2924;1197;8
2925;1174;8
2926;1165;8
2927;1149;8
2928;1141;8
2929;1134;8
2930;1051;8
2931;1044;8
2932;1019;8
2933;982;8
2934;929;8
2935;908;8
2936;889;8
2937;887;8
2938;840;8
2939;828;8
2940;823;8
2941;822;8
2942;821;8
2943;820;8
2944;819;8
2945;818;8
2946;768;8
2947;667;8
2948;666;8
2949;647;8
2950;632;8
2951;520;8
2952;514;8
2953;467;8
2954;461;8
2955;406;8
2956;320;8
2957;319;8
2958;315;8
2959;304;8
2960;277;8
2961;269;8
2962;218;8
2963;217;8
2964;202;8
2965;185;8
2966;161;8
2967;159;8
2968;125;8
2969;124;8
2970;85;8
2971;83;8
2972;82;8
2973;2156;9
2974;2155;9
2975;2154;9
2976;2150;9
2977;2148;9
2978;2144;9
2979;2140;9
2980;2139;9
2981;2138;9
2982;2137;9
2983;2133;9
2984;2128;9
2985;2127;9
2986;2123;9
2987;2117;9
2988;2115;9
2989;2109;9
2990;2104;9
2991;2103;9
2992;2089;9
2993;2088;9
2994;2084;9
2995;2081;9
2996;2080;9
2997;2079;9
2998;2069;9
2999;2067;9
3000;2066;9
3001;2063;9
3002;2062;9
3003;2058;9
3004;2039;9
3005;2035;9
3006;2033;9
3007;2028;9
3008;2023;9
3009;2021;9
3010;2017;9
3011;2006;9
3012;2003;9
3013;2001;9
3014;1991;9
3015;1990;9
3016;1985;9
3017;1984;9
3018;1975;9
3019;1972;9
3020;1970;9
3021;1967;9
3022;1964;9
3023;1957;9
3024;1942;9
3025;1941;9
3026;1933;9
3027;1923;9
3028;1922;9
3029;1919;9
3030;1918;9
3031;1899;9
3032;1891;9
3033;1882;9
3034;1880;9
3035;1872;9
3036;1868;9
3037;1867;9
3038;1866;9
3039;1865;9
3040;1863;9
3041;1862;9
3042;1859;9
3043;1857;9
3044;1848;9
3045;1847;9
3046;1844;9
3047;1831;9
3048;1826;9
3049;1817;9
3050;1807;9
3051;1806;9
3052;1799;9
3053;1798;9
3054;1797;9
3055;1793;9
3056;1779;9
3057;1777;9
3058;1772;9
3059;1761;9
3060;1756;9
3061;1752;9
3062;1749;9
3063;1747;9
3064;1742;9
3065;1737;9
3066;1736;9
3067;1711;9
3068;1707;9
3069;1701;9
3070;1699;9
3071;1698;9
3072;1695;9
3073;1694;9
3074;1686;9
3075;1683;9
3076;1682;9
3077;1676;9
3078;1674;9
3079;1668;9
3080;1667;9
3081;1663;9
3082;1657;9
3083;1654;9
3084;1647;9
3085;1646;9
3086;1645;9
3087;1640;9
3088;1638;9
3089;1629;9
3090;1621;9
3091;1613;9
3092;1611;9
3093;1600;9
3094;1591;9
3095;1589;9
3096;1585;9
3097;1583;9
3098;1581;9
3099;1579;9
3100;1578;9
3101;1573;9
3102;1570;9
3103;1569;9
3104;1563;9
3105;1562;9
3106;1561;9
3107;1560;9
3108;1559;9
3109;1549;9
3110;1548;9
3111;1530;9
3112;1523;9
3113;1520;9
3114;1515;9
3115;1514;9
3116;1513;9
3117;1508;9
3118;1505;9
3119;1499;9
3120;1495;9
3121;1494;9
3122;1492;9
3123;1489;9
3124;1487;9
3125;1486;9
3126;1485;9
3127;1480;9
3128;1472;9
3129;1471;9
3130;1470;9
3131;1456;9
3132;1444;9
3133;1432;9
3134;1428;9
3135;1424;9
3136;1423;9
3137;1417;9
3138;1414;9
3139;1412;9
3140;1405;9
3141;1404;9
3142;1393;9
3143;1381;9
3144;1367;9
3145;1366;9
3146;1363;9
3147;1362;9
3148;1360;9
3149;1359;9
3150;1356;9
3151;1345;9
3152;1337;9
3153;1330;9
3154;1326;9
3155;1325;9
3156;1324;9
3157;1323;9
3158;1322;9
3159;1313;9
3160;1307;9
3161;1302;9
3162;1291;9
3163;1282;9
3164;1281;9
3165;1267;9
3166;1262;9
3167;1261;9
3168;1254;9
3169;1249;9
3170;1239;9
3171;1233;9
3172;1232;9
3173;1231;9
3174;1229;9
3175;1226;9
3176;1222;9
3177;1215;9
3178;1211;9
3179;1207;9
3180;1201;9
3181;1194;9
3182;1179;9
3183;1175;9
3184;1172;9
3185;1168;9
3186;1163;9
3187;1158;9
3188;1157;9
3189;1148;9
3190;1146;9
3191;1139;9
3192;1135;9
3193;1116;9
3194;1115;9
3195;1113;9
3196;1103;9
3197;1101;9
3198;1086;9
3199;1075;9
3200;1069;9
3201;1068;9
3202;1066;9
3203;1043;9
3204;1041;9
3205;1040;9
3206;1039;9
3207;1038;9
3208;1037;9
3209;1036;9
3210;1026;9
3211;1024;9
3212;1007;9
3213;1006;9
3214;986;9
3215;983;9
3216;976;9
3217;973;9
3218;972;9
3219;971;9
3220;968;9
3221;953;9
3222;950;9
3223;949;9
3224;945;9
3225;944;9
3226;942;9
3227;938;9
3228;936;9
3229;932;9
3230;925;9
3231;924;9
3232;910;9
3233;893;9
3234;890;9
3235;878;9
3236;869;9
3237;862;9
3238;861;9
3239;858;9
3240;857;9
3241;856;9
3242;855;9
3243;839;9
3244;838;9
3245;836;9
3246;835;9
3247;834;9
3248;833;9
3249;832;9
3250;831;9
3251;817;9
3252;798;9
3253;797;9
3254;796;9
3255;794;9
3256;785;9
3257;779;9
3258;775;9
3259;774;9
3260;773;9
3261;767;9
3262;766;9
3263;765;9
3264;738;9
3265;733;9
3266;707;9
3267;705;9
3268;695;9
3269;694;9
3270;686;9
3271;683;9
3272;671;9
3273;664;9
3274;663;9
3275;661;9
3276;654;9
3277;644;9
3278;631;9
3279;630;9
3280;627;9
3281;625;9
3282;624;9
3283;602;9
3284;599;9
3285;598;9
3286;597;9
3287;590;9
3288;589;9
3289;587;9
3290;586;9
3291;585;9
3292;581;9
3293;577;9
3294;576;9
3295;575;9
3296;574;9
3297;573;9
3298;571;9
3299;570;9
3300;569;9
3301;568;9
3302;567;9
3303;566;9
3304;565;9
3305;564;9
3306;563;9
3307;561;9
3308;557;9
3309;551;9
3310;544;9
3311;542;9
3312;484;9
3313;466;9
3314;464;9
3315;458;9
3316;453;9
3317;441;9
3318;437;9
3319;433;9
3320;431;9
3321;426;9
3322;417;9
3323;416;9
3324;405;9
3325;392;9
3326;367;9
3327;366;9
3328;348;9
3329;346;9
3330;345;9
3331;342;9
3332;337;9
3333;335;9
3334;325;9
3335;309;9
3336;308;9
3337;303;9
3338;300;9
3339;298;9
3340;297;9
3341;275;9
3342;274;9
3343;273;9
3344;272;9
3345;271;9
3346;270;9
3347;262;9
3348;261;9
3349;258;9
3350;254;9
3351;253;9
3352;249;9
3353;248;9
3354;244;9
3355;214;9
3356;212;9
3357;211;9
3358;210;9
3359;208;9
3360;205;9
3361;187;9
3362;186;9
3363;181;9
3364;167;9
3365;162;9
3366;152;9
3367;149;9
3368;89;9
3369;24;9
3370;2043;10
3371;1803;10
3372;1608;10
3373;1530;10
3374;1501;10
3375;1468;10
3376;1430;10
3377;779;10
3378;133;10
3379;1981;11
3380;1899;11
3381;1209;11
3382;686;11
3383;472;11
3384;191;11
3385;190;11
3386;2111;12
3387;1976;12
3388;1858;12
3389;1838;12
3390;1759;12
3391;1634;12
3392;1545;12
3393;1542;12
3394;1522;12
3395;1481;12
3396;1478;12
3397;1438;12
3398;1386;12
3399;1370;12
3400;1276;12
3401;1263;12
3402;1217;12
3403;1192;12
3404;1191;12
3405;1156;12
3406;1073;12
3407;880;12
3408;740;12
3409;481;12
3410;397;12
3411;247;12
3412;246;12
3413;26;12
3414;20;12
3415;2147;13
3416;2114;13
3417;2097;13
3418;2096;13
3419;2077;13
3420;2050;13
3421;2030;13
3422;1983;13
3423;1913;13
3424;1858;13
3425;1846;13
3426;1842;13
3427;1833;13
3428;1830;13
3429;1829;13
3430;1790;13
3431;1732;13
3432;1693;13
3433;1659;13
3434;1616;13
3435;1614;13
3436;1584;13
3437;1580;13
3438;1448;13
3439;1445;13
3440;1390;13
3441;1370;13
3442;1341;13
3443;1318;13
3444;1290;13
3445;1067;13
3446;1020;13
3447;1013;13
3448;969;13
3449;947;13
3450;823;13
3451;821;13
3452;820;13
3453;819;13
3454;584;13
3455;583;13
3456;545;13
3457;525;13
3458;442;13
3459;430;13
3460;391;13
3461;390;13
3462;364;13
3463;363;13
3464;257;13
3465;218;13
3466;474;14
3467;1607;15
3468;1506;15
3469;1464;15
3470;1438;15
3471;1155;15
3472;745;15
3473;164;15
3474;2040;16
3475;1987;16
3476;1853;16
3477;1257;16
3478;1498;17
3479;1696;18
3480;1903;19
3481;1717;19
3482;1696;19
3483;1498;19
3484;1904;20
3485;42;21
3486;0;22
3487;2149;23
3488;2145;23
3489;2027;23
3490;1999;23
3491;1993;23
3492;1991;23
3493;1981;23
3494;1950;23
3495;1917;23
3496;1886;23
3497;1884;23
3498;1851;23
3499;1725;23
3500;1632;23
3501;1620;23
3502;1602;23
3503;1538;23
3504;1451;23
3505;1133;23
3506;396;23
